[
  {
    "model": "auth.user",
    "pk": 1,
    "fields": {
      "username": "jane",
      "password": "password1"
    }
  },
  {
    "model": "auth.user",
    "pk": 2,
    "fields": {
      "username": "john",
      "password": "password2"
    }
  },
  {
    "model": "inventory.item",
    "pk": 1,
    "fields": {
      "name": "pasta",
      "ident": "pasta",
      "user": 1,
      "unit": 201,
      "minimum": "0.500",
      "added": "2020-04-13T12:51:27.034Z"
    }
  },
  {
    "model": "inventory.item",
    "pk": 2,
    "fields": {
      "name": "bread",
      "ident": "bread",
      "user": 1,
      "unit": 1,
      "minimum": "1.000",
      "added": "2020-04-10T11:37:20.090Z"
    }
  },
  {
    "model": "inventory.item",
    "pk": 3,
    "fields": {
      "name": "rice",
      "ident": "rice",
      "user": 1,
      "unit": 201,
      "minimum": "1.000",
      "added": "2020-04-10T11:37:28.064Z"
    }
  },
  {
    "model": "inventory.item",
    "pk": 4,
    "fields": {
      "name": "butter",
      "ident": "butter",
      "user": 2,
      "unit": 202,
      "minimum": "1.000",
      "added": "2020-04-10T14:39:47.511Z"
    }
  },
  {
    "model": "inventory.item",
    "pk": 6,
    "fields": {
      "name": "butter",
      "ident": "butter",
      "user": 1,
      "unit": 202,
      "minimum": "0.500",
      "added": "2020-04-11T12:23:40.788Z"
    }
  },
  {
    "model": "inventory.item",
    "pk": 7,
    "fields": {
      "name": "rice",
      "ident": "rice",
      "user": 2,
      "unit": 202,
      "minimum": "500.000",
      "added": "2020-04-10T13:19:10.768Z"
    }
  },
  {
    "model": "inventory.item",
    "pk": 8,
    "fields": {
      "name": "tinned tomatoes",
      "ident": "tinned-tomatoes",
      "user": 2,
      "unit": 1,
      "minimum": "4.000",
      "added": "2020-04-10T13:19:59.959Z"
    }
  },
  {
    "model": "inventory.item",
    "pk": 12,
    "fields": {
      "name": "vegetable oil",
      "ident": "vegetable-oil",
      "user": 1,
      "unit": 1,
      "minimum": "0.000",
      "added": "2020-04-10T13:41:31.823Z"
    }
  },
  {
    "model": "inventory.item",
    "pk": 13,
    "fields": {
      "name": "olive oil",
      "ident": "olive-oil",
      "user": 2,
      "unit": 1,
      "minimum": "0.000",
      "added": "2020-04-10T13:42:18.853Z"
    }
  },
  {
    "model": "inventory.item",
    "pk": 16,
    "fields": {
      "name": "peanut butter",
      "ident": "peanut-butter",
      "user": 2,
      "unit": 1,
      "minimum": "1.000",
      "added": "2020-04-10T13:44:06.628Z"
    }
  },
  {
    "model": "inventory.item",
    "pk": 17,
    "fields": {
      "name": "tinned chickpeas",
      "ident": "tinned-chickpeas",
      "user": 2,
      "unit": 1,
      "minimum": "1.000",
      "added": "2020-04-10T13:46:20.736Z"
    }
  },
  {
    "model": "inventory.item",
    "pk": 18,
    "fields": {
      "name": "tinned broad beans",
      "ident": "tinned-broad-beans",
      "user": 2,
      "unit": 1,
      "minimum": "0.000",
      "added": "2020-04-10T13:46:47.602Z"
    }
  },
  {
    "model": "inventory.item",
    "pk": 19,
    "fields": {
      "name": "chocolate cookies",
      "ident": "chocolate-cookies",
      "user": 2,
      "unit": 1,
      "minimum": "0.000",
      "added": "2020-04-11T12:23:56.070Z"
    }
  },
  {
    "model": "inventory.item",
    "pk": 20,
    "fields": {
      "name": "lemonade",
      "ident": "lemonade",
      "user": 2,
      "unit": 301,
      "minimum": "0.000",
      "added": "2020-04-10T16:59:58.453Z"
    }
  },
  {
    "model": "inventory.item",
    "pk": 21,
    "fields": {
      "name": "olive oil",
      "ident": "olive-oil",
      "user": 1,
      "unit": 1,
      "minimum": "0.000",
      "added": "2020-04-10T20:37:28.927Z"
    }
  },
  {
    "model": "inventory.item",
    "pk": 22,
    "fields": {
      "name": "sunflower oil",
      "ident": "sunflower-oil",
      "user": 1,
      "unit": 1,
      "minimum": "0.000",
      "added": "2020-04-10T20:37:43.066Z"
    }
  },
  {
    "model": "inventory.item",
    "pk": 23,
    "fields": {
      "name": "vegetable oil",
      "ident": "vegetable-oil",
      "user": 2,
      "unit": 1,
      "minimum": "0.000",
      "added": "2020-04-10T20:40:01.166Z"
    }
  },
  {
    "model": "inventory.item",
    "pk": 25,
    "fields": {
      "name": "lager",
      "ident": "lager",
      "user": 1,
      "unit": 301,
      "minimum": "0.000",
      "added": "2020-04-13T12:50:46.331Z"
    }
  },
  {
    "model": "inventory.item",
    "pk": 26,
    "fields": {
      "name": "wine",
      "ident": "wine",
      "user": 1,
      "unit": 1,
      "minimum": "0.000",
      "added": "2020-04-12T13:23:11.027Z"
    }
  },
  {
    "model": "inventory.item",
    "pk": 33,
    "fields": {
      "name": "malt vinegar",
      "ident": "malt-vinegar",
      "user": 1,
      "unit": 303,
      "minimum": "250.000",
      "added": "2020-04-12T13:43:34.793Z"
    }
  },
  {
    "model": "inventory.item",
    "pk": 35,
    "fields": {
      "name": "balsamic vinegar",
      "ident": "balsamic-vinegar",
      "user": 1,
      "unit": 1,
      "minimum": "0.000",
      "added": "2020-04-12T13:46:32.842Z"
    }
  },
  {
    "model": "inventory.item",
    "pk": 36,
    "fields": {
      "name": "rice vinegar",
      "ident": "rice-vinegar",
      "user": 1,
      "unit": 303,
      "minimum": "0.000",
      "added": "2020-04-12T13:47:09.326Z"
    }
  },
  {
    "model": "inventory.item",
    "pk": 37,
    "fields": {
      "name": "red wine vinegar",
      "ident": "red-wine-vinegar",
      "user": 1,
      "unit": 303,
      "minimum": "0.000",
      "added": "2020-04-12T13:57:49.043Z"
    }
  },
  {
    "model": "inventory.item",
    "pk": 38,
    "fields": {
      "name": "coriander",
      "ident": "coriander",
      "user": 2,
      "unit": 2,
      "minimum": "0.000",
      "added": "2020-04-13T16:30:30.979Z"
    }
  },
  {
    "model": "inventory.item",
    "pk": 39,
    "fields": {
      "name": "cumin",
      "ident": "cumin",
      "user": 2,
      "unit": 2,
      "minimum": "0.000",
      "added": "2020-04-13T16:33:13.110Z"
    }
  },
  {
    "model": "inventory.item",
    "pk": 41,
    "fields": {
      "name": "kitchen foil",
      "ident": "kitchen-foil",
      "user": 1,
      "unit": 101,
      "minimum": "0.000",
      "added": "2020-04-16T21:16:15.784Z"
    }
  },
  {
    "model": "inventory.item",
    "pk": 42,
    "fields": {
      "name": "tinned mackerel",
      "ident": "tinned-mackerel",
      "user": 2,
      "unit": 2,
      "minimum": "0.000",
      "added": "2020-04-22T06:46:52.072Z"
    }
  },
  {
    "model": "inventory.item",
    "pk": 46,
    "fields": {
      "name": "margarine",
      "ident": "margarine",
      "user": 1,
      "unit": 202,
      "minimum": "0.000",
      "added": "2020-04-29T10:05:33.336Z"
    }
  },
  {
    "model": "inventory.record",
    "pk": 1,
    "fields": {
      "item": 4,
      "quantity": "0.300",
      "added": "2020-04-10T12:22:28.116Z",
      "note": ""
    }
  },
  {
    "model": "inventory.record",
    "pk": 10,
    "fields": {
      "item": 4,
      "quantity": "1.000",
      "added": "2020-04-10T16:56:46.200Z",
      "note": ""
    }
  },
  {
    "model": "inventory.record",
    "pk": 11,
    "fields": {
      "item": 19,
      "quantity": "1.000",
      "added": "2020-04-10T16:58:03.053Z",
      "note": ""
    }
  },
  {
    "model": "inventory.record",
    "pk": 12,
    "fields": {
      "item": 20,
      "quantity": "2.000",
      "added": "2020-04-10T17:00:06.804Z",
      "note": ""
    }
  },
  {
    "model": "inventory.record",
    "pk": 14,
    "fields": {
      "item": 1,
      "quantity": "2.000",
      "added": "2020-04-10T17:07:51.446Z",
      "note": ""
    }
  },
  {
    "model": "inventory.record",
    "pk": 15,
    "fields": {
      "item": 6,
      "quantity": "0.250",
      "added": "2020-04-10T17:09:24.904Z",
      "note": ""
    }
  },
  {
    "model": "inventory.record",
    "pk": 16,
    "fields": {
      "item": 1,
      "quantity": "3.000",
      "added": "2020-04-10T20:33:56.407Z",
      "note": ""
    }
  },
  {
    "model": "inventory.record",
    "pk": 17,
    "fields": {
      "item": 3,
      "quantity": "2.000",
      "added": "2020-04-10T20:40:13.942Z",
      "note": ""
    }
  },
  {
    "model": "inventory.record",
    "pk": 18,
    "fields": {
      "item": 13,
      "quantity": "1.000",
      "added": "2020-04-10T20:40:30.724Z",
      "note": ""
    }
  },
  {
    "model": "inventory.record",
    "pk": 19,
    "fields": {
      "item": 16,
      "quantity": "4.000",
      "added": "2020-04-10T20:40:38.224Z",
      "note": ""
    }
  },
  {
    "model": "inventory.record",
    "pk": 20,
    "fields": {
      "item": 21,
      "quantity": "3.000",
      "added": "2020-04-10T20:40:55.677Z",
      "note": ""
    }
  },
  {
    "model": "inventory.record",
    "pk": 21,
    "fields": {
      "item": 4,
      "quantity": "2.000",
      "added": "2020-04-10T21:37:42.183Z",
      "note": ""
    }
  },
  {
    "model": "inventory.record",
    "pk": 22,
    "fields": {
      "item": 4,
      "quantity": "1.000",
      "added": "2020-04-10T21:37:51.456Z",
      "note": ""
    }
  },
  {
    "model": "inventory.record",
    "pk": 23,
    "fields": {
      "item": 4,
      "quantity": "0.000",
      "added": "2020-04-10T21:40:05.886Z",
      "note": ""
    }
  },
  {
    "model": "inventory.record",
    "pk": 24,
    "fields": {
      "item": 20,
      "quantity": "4.000",
      "added": "2020-04-10T21:42:31.308Z",
      "note": ""
    }
  },
  {
    "model": "inventory.record",
    "pk": 25,
    "fields": {
      "item": 26,
      "quantity": "10.000",
      "added": "2020-04-10T21:42:51.339Z",
      "note": ""
    }
  },
  {
    "model": "inventory.record",
    "pk": 26,
    "fields": {
      "item": 4,
      "quantity": "1.000",
      "added": "2020-04-11T11:43:44.928Z",
      "note": ""
    }
  },
  {
    "model": "inventory.record",
    "pk": 27,
    "fields": {
      "item": 25,
      "quantity": "0.330",
      "added": "2020-04-11T11:47:00.320Z",
      "note": ""
    }
  },
  {
    "model": "inventory.record",
    "pk": 28,
    "fields": {
      "item": 19,
      "quantity": "2.000",
      "added": "2020-04-11T12:30:21.242Z",
      "note": ""
    }
  },
  {
    "model": "inventory.record",
    "pk": 29,
    "fields": {
      "item": 19,
      "quantity": "0.000",
      "added": "2020-04-11T12:30:30.484Z",
      "note": ""
    }
  },
  {
    "model": "inventory.record",
    "pk": 30,
    "fields": {
      "item": 25,
      "quantity": "10.000",
      "added": "2020-04-11T12:39:11.072Z",
      "note": ""
    }
  },
  {
    "model": "inventory.record",
    "pk": 32,
    "fields": {
      "item": 19,
      "quantity": "1.000",
      "added": "2020-04-11T15:51:31.382Z",
      "note": ""
    }
  },
  {
    "model": "inventory.record",
    "pk": 34,
    "fields": {
      "item": 25,
      "quantity": "1.000",
      "added": "2020-04-12T07:53:28.962Z",
      "note": ""
    }
  },
  {
    "model": "inventory.record",
    "pk": 35,
    "fields": {
      "item": 25,
      "quantity": "3.000",
      "added": "2020-04-12T07:58:21.570Z",
      "note": ""
    }
  },
  {
    "model": "inventory.record",
    "pk": 37,
    "fields": {
      "item": 2,
      "quantity": "1.000",
      "added": "2020-04-12T08:14:13.509Z",
      "note": ""
    }
  },
  {
    "model": "inventory.record",
    "pk": 38,
    "fields": {
      "item": 12,
      "quantity": "1.000",
      "added": "2020-04-12T08:33:57.531Z",
      "note": ""
    }
  },
  {
    "model": "inventory.record",
    "pk": 41,
    "fields": {
      "item": 4,
      "quantity": "1.000",
      "added": "2020-04-12T10:04:45.258Z",
      "note": ""
    }
  },
  {
    "model": "inventory.record",
    "pk": 42,
    "fields": {
      "item": 6,
      "quantity": "1.000",
      "added": "2020-04-12T10:04:58.838Z",
      "note": ""
    }
  },
  {
    "model": "inventory.record",
    "pk": 43,
    "fields": {
      "item": 25,
      "quantity": "1.000",
      "added": "2020-04-12T13:12:22.124Z",
      "note": ""
    }
  },
  {
    "model": "inventory.record",
    "pk": 44,
    "fields": {
      "item": 26,
      "quantity": "9.000",
      "added": "2020-04-12T13:23:06.807Z",
      "note": ""
    }
  },
  {
    "model": "inventory.record",
    "pk": 45,
    "fields": {
      "item": 37,
      "quantity": "0.250",
      "added": "2020-04-12T13:57:49.047Z",
      "note": "initial"
    }
  },
  {
    "model": "inventory.record",
    "pk": 46,
    "fields": {
      "item": 25,
      "quantity": "0.660",
      "added": "2020-04-13T12:50:46.325Z",
      "note": ""
    }
  },
  {
    "model": "inventory.record",
    "pk": 47,
    "fields": {
      "item": 1,
      "quantity": "0.500",
      "added": "2020-04-13T12:51:27.030Z",
      "note": ""
    }
  },
  {
    "model": "inventory.record",
    "pk": 48,
    "fields": {
      "item": 1,
      "quantity": "0.750",
      "added": "2020-04-13T13:18:47.829Z",
      "note": ""
    }
  },
  {
    "model": "inventory.record",
    "pk": 49,
    "fields": {
      "item": 20,
      "quantity": "3.000",
      "added": "2020-04-13T13:23:07.614Z",
      "note": ""
    }
  },
  {
    "model": "inventory.record",
    "pk": 50,
    "fields": {
      "item": 20,
      "quantity": "3.000",
      "added": "2020-04-13T13:25:20.938Z",
      "note": ""
    }
  },
  {
    "model": "inventory.record",
    "pk": 51,
    "fields": {
      "item": 2,
      "quantity": "2.000",
      "added": "2020-04-13T13:37:11.563Z",
      "note": ""
    }
  },
  {
    "model": "inventory.record",
    "pk": 52,
    "fields": {
      "item": 2,
      "quantity": "2.000",
      "added": "2020-04-13T13:42:25.902Z",
      "note": ""
    }
  },
  {
    "model": "inventory.record",
    "pk": 53,
    "fields": {
      "item": 38,
      "quantity": "1.000",
      "added": "2020-04-13T16:30:30.980Z",
      "note": "initial"
    }
  },
  {
    "model": "inventory.record",
    "pk": 54,
    "fields": {
      "item": 39,
      "quantity": "2.000",
      "added": "2020-04-13T16:33:13.112Z",
      "note": "initial"
    }
  },
  {
    "model": "inventory.record",
    "pk": 55,
    "fields": {
      "item": 38,
      "quantity": "2.000",
      "added": "2020-04-13T16:59:29.055Z",
      "note": ""
    }
  },
  {
    "model": "inventory.record",
    "pk": 56,
    "fields": {
      "item": 25,
      "quantity": "0.330",
      "added": "2020-04-13T17:00:06.336Z",
      "note": ""
    }
  },
  {
    "model": "inventory.record",
    "pk": 57,
    "fields": {
      "item": 1,
      "quantity": "1.750",
      "added": "2020-04-14T08:25:32.728Z",
      "note": ""
    }
  },
  {
    "model": "inventory.record",
    "pk": 58,
    "fields": {
      "item": 4,
      "quantity": "2.000",
      "added": "2020-04-14T08:27:39.282Z",
      "note": ""
    }
  },
  {
    "model": "inventory.record",
    "pk": 59,
    "fields": {
      "item": 25,
      "quantity": "6.000",
      "added": "2020-04-14T09:32:55.529Z",
      "note": ""
    }
  },
  {
    "model": "inventory.record",
    "pk": 60,
    "fields": {
      "item": 38,
      "quantity": "3.000",
      "added": "2020-04-14T17:14:51.160Z",
      "note": ""
    }
  },
  {
    "model": "inventory.record",
    "pk": 61,
    "fields": {
      "item": 12,
      "quantity": "0.000",
      "added": "2020-04-14T17:16:58.196Z",
      "note": ""
    }
  },
  {
    "model": "inventory.record",
    "pk": 63,
    "fields": {
      "item": 19,
      "quantity": "3.000",
      "added": "2020-04-14T19:05:02.333Z",
      "note": ""
    }
  },
  {
    "model": "inventory.record",
    "pk": 64,
    "fields": {
      "item": 41,
      "quantity": "3.000",
      "added": "2020-04-16T21:16:15.787Z",
      "note": "initial"
    }
  }
]
